title,originallink,link,description,pubDate
프로<b>야구</b>와 함께한 대구교총의 날,https://www.hangyo.com/news/article.html?no=107638,https://www.hangyo.com/news/article.html?no=107638,프로<b>야구</b> 삼성 라이온즈와 키움 히어로즈의 경기 관람을 위해 이날 대구지역 교육 가족 1600여 명이 참가했다. 특히 이날 경기의 시구자와 시타자로 정년퇴임을 앞둔 교사와 지난해 교단에 첫발을 디딘 아들이 마운드에... ,"Thu, 07 May 2026 13:48:00 +0900"
'세계 최초 24시간 뉴스' 美 CNN 창립자 테드 터너 별세…향년 87세,https://www.tvreport.co.kr/world/article/1041892/,https://m.entertain.naver.com/article/213/0001384945,"이듬해 터너는 사업 수완을 발휘해 MLB 소속 <b>야구</b>단인 애틀랜타 브레이브스를 인수했고, 이를 통해 MLB 경기를 자신의 방송국에 중계할 수 있게 했다. 테드 터너의 생전 가장 주목할 만한 업적은 1980년 세계 최초의... ","Thu, 07 May 2026 13:46:00 +0900"
‘편스토랑’ 김용빈 “보면 안 될 것 같아” 생기부에 ‘경찰서’ 이력,https://isplus.com/article/view/isp202605070101,https://m.entertain.naver.com/article/241/0003508991,중학생 김용빈을 향해 선생님들이 남긴 코멘트까지 공개되는 ‘신상출시 편스토랑’은 8일 금요일 ‘불금<b>야구</b>’ 중계가 끝나는 대로 방송된다. 한편 김용빈은 트롯 신동으로 여러 가요제와 지역 대회를 휩쓸다 2004년... ,"Thu, 07 May 2026 13:46:00 +0900"
"'속죄의 맹타' 고승민·나승엽 합류…롯데, 5월 타선·불펜 안정 '중위권...",https://www.youthdaily.co.kr/news/article.html?no=218727,https://www.youthdaily.co.kr/news/article.html?no=218727,도박 징계 풀린 고승민·나승엽 복귀전부터 안타 행진 불펜진 평균자책점 안정화·구승민 복귀로 뒷문 강화  프로<b>야구</b> 롯데 자이언츠가 이달 들어 살아난 타격과 단단해진 불펜진을 앞세워 리그 순위표를 빠르게... ,"Thu, 07 May 2026 13:46:00 +0900"
“2군에서 이것저것 다해봤다” 21억 FA 계약→ERA 7.00…롯데 최초 사나...,http://www.osen.co.kr/article/G1112796268,https://m.sports.naver.com/kbaseball/article/109/0005528989,내가 동생들에게 <b>야구</b>를 알려주는 과정에서 배운 부분이 많았다”라고 희망투를 펼친 비결을 밝혔다.... 프로<b>야구</b> 역대 두 번째 4시즌 연속 20홀드를 해냈다. 구승민은 2023년 롯데 구단 최초로 100홀드 고지를 밟은 뒤... ,"Thu, 07 May 2026 13:43:00 +0900"
"컴투스프로<b>야구</b>V26, 레전드 선수와 함께하는 <b>야구</b> 캠프 참가자 모집",https://www.fomos.kr/redirect/news_view?news_cate_id=2&entry_id=152986,https://m.sports.naver.com/esports/article/236/0000254876,컴투스는 모바일 <b>야구</b> 게임 '컴투스프로<b>야구</b>V26(이하 컴프야V26)'에서 '2026 유저 <b>야구</b> 캠프' 참가자 모집을 시작한다고 7일 밝혔다. 오는 6월 20일 경기도 곤지암 '팀업캠퍼스'에서 열리는 '2026 유저 <b>야구</b> 캠프'는 <b>야구</b>를... ,"Thu, 07 May 2026 13:42:00 +0900"
"아이브 이서, &quot;처음 도전하는 시구라 떨리고 설렌다&quot;…LG 트윈스전 마운...",https://www.topstarnews.net/news/articleView.html?idxno=16054105,https://www.topstarnews.net/news/articleView.html?idxno=16054105,아이브(IVE) 이서가 <b>야구</b>장 마운드에 선다. 7일 서울 잠실<b>야구</b>장에서 열리는 LG 트윈스와 두산 베어스 경기에서 데뷔 후 처음으로 시구를 맡아 관중과 만난다. 이서의 시구는 이날 오후 6시 30분 시작되는 LG 트윈스와 두산... ,"Thu, 07 May 2026 13:42:00 +0900"
"테스형→위즈덤→카스트로…억눌렀던 KIA의 거포 욕망, 6주 대체 타자가...",https://sports.khan.co.kr/article/202605071339003?pt=nv,https://m.sports.naver.com/kbaseball/article/144/0001113963,마이너리그에서 오래 뛰었고 일본프로<b>야구</b> 경력에 최근 멕시코리그에서도 장타력을 폭발했다. 몇 년 간 KBO리그 구단들 리스트에 있던 타자다. 타 구단 단장은 “30홈런을 충분히 칠 만한 타자다. 작년 우리가 굉장히... ,"Thu, 07 May 2026 13:40:00 +0900"
"아이브 이서, LG 트윈스 승리 기원 시구",https://www.bntnews.co.kr/article/view/bnt202605070134,https://www.bntnews.co.kr/article/view/bnt202605070134,"소속사 스타쉽엔터테인먼트에 따르면, 이서는 오늘(7일) 오후 6시 30분 서울 잠실<b>야구</b>장에서 열리는 LG 트윈스와 두산 베어스 경기에서 시구자로 마운드에 오른다. 이서는 “처음 도전하게 된 시구라 떨리고 설렌다. 뜻깊은... ","Thu, 07 May 2026 13:40:00 +0900"
"“제가 사실 ‘쫄보’에요” KIA 새 에너자이저, 박재현이 내놓은 의외...",https://sports.khan.co.kr/article/202605071337003?pt=nv,https://m.sports.naver.com/kbaseball/article/144/0001113961,"가진 성격 이상으로 힘을 쥐어짜내어 1군에서 계속 <b>야구</b>하고 싶다는 의지를 표시했다는 것이다. 박재현은 “<b>야구</b>로 밥 먹고 살아야 하는 선수고, 당연히 계속 1군에 남아서 더 많은 경기에 나가고 싶다”고 했다. 지금... ","Thu, 07 May 2026 13:39:00 +0900"
"'빅리그 조준' 김하성, 트리플A서 2경기 연속 안타",http://www.edaily.co.kr/news/newspath.asp?newsid=05658006645446624,https://m.sports.naver.com/wbaseball/article/018/0006274872,미국 프로<b>야구</b> 메이저리그(MLB) 복귀를 노리는 김하성(애틀랜타 브레이브스)이 마이너리그 트리플A에서... 수술대에 오른 김하성은 <b>야구</b> 대표팀 일원으로 나서려던 2026 월드베이스볼클래식(WBC) 출전이 불발됐고 시즌... ,"Thu, 07 May 2026 13:38:00 +0900"
"몽베스트, ‘Dream Your Dreamz’ 캠페인...카누 사격 근대5종 롤러스포츠...",https://theviewers.co.kr/View.aspx?No=4069157,https://theviewers.co.kr/View.aspx?No=4069157,"후원 대상은 ▲카누 ▲사격 ▲근대5종 ▲롤러스포츠 ▲여자<b>야구</b> 등이다. 몽베스트는 종목은 다르지만 선수들이 흘리는 땀과 꾸준한 도전의 가치에 공감하며, 선수들의 꿈을 실질적으로 지원하기 위해 후원을... ","Thu, 07 May 2026 13:36:00 +0900"
"야노시호, &quot;정력에 좋은 것&quot; 찾은 이유…남대문서 추성훈 위한 선물",https://www.topstarnews.net/news/articleView.html?idxno=16054099,https://www.topstarnews.net/news/articleView.html?idxno=16054099,유쾌한 웃음과 따뜻한 정이 어우러진 '국민 외국인 며느리' 야노시호의 남대문시장 방문기는 5월 8일 금요일 '불금<b>야구</b>' 중계가 끝난 뒤 방송되는 KBS 2TV '신상출시 편스토랑'에서 확인할 수 있다.,"Thu, 07 May 2026 13:36:00 +0900"
"아이브 이서, ‘LG 승요’ 될까",https://sports.khan.co.kr/article/202605071335003?pt=nv,https://m.entertain.naver.com/article/144/0001113960,소속사 스타쉽엔터테인먼트 측은 7일 “이서가 이날 오후 6시 30분 서울 잠실<b>야구</b>장에서 열리는 LG 트윈스와 두산 베어스 경기에서 시구자로 마운드에 오른다”고 밝혔다. 이서는 소속사를 통해 “처음 도전하게 된... ,"Thu, 07 May 2026 13:36:00 +0900"
"전현무, 러닝크루가 자전거를 왜 타…심지어 21m 상공 외줄 타기",http://www.atstar1.com/news/articleView.html?idxno=6034972,https://m.entertain.naver.com/article/415/0000048548,지난해부터 러닝을 시작했던 전현무는 올해 목표로 &quot;펀런과 <b>야구</b>를 결합해 <b>야구</b>장 펀런을 뛸 거다. 경기 시작 전에 한 바퀴 뛸 것이다&quot;고 밝히며 러닝에 진심을 보였다. 결국 전현무는 러닝 크루를 모아 본격 펀런을... ,"Thu, 07 May 2026 13:35:00 +0900"
"'왜 네모 안에 못 던져?' 씁쓸한 대볼넷 시대, '일단 던져라' 류현진의 ...",https://www.starnewskorea.com/sports/2026/05/07/2026050711040793260,https://m.sports.naver.com/kbaseball/article/108/0003433475,"'그냥 네모 안에만 던지라고.' <b>야구</b>장에서 심심치 않게 볼 수 있는 문구다. 쏟아지는 볼넷에 팬들은... 프로<b>야구</b> 구단 A 감독은 &quot;1아웃을 잡기가 그렇게 힘든가보다&quot;라며 &quot;지금 모든 팀 선수들이 볼넷, 볼넷이다. <b>야구</b>가... ","Thu, 07 May 2026 13:34:00 +0900"
이기재 양천구청장 후보 &quot;기업 인프라 구축으로 지역경제 성장엔진 가동...,https://www.shinailbo.co.kr/news/articleView.html?idxno=5018439,https://www.shinailbo.co.kr/news/articleView.html?idxno=5018439,"1단계에서는 구 소유 공영주차장 부지와 유수지 일대를 상업 지역으로 바꿔 호텔과 컨벤션센터 등이 가능한 구조로 조성하고, 2단계는 서울시와 함께 돔 <b>야구</b>장 건설과 함께 아이스링크 및 종합운동장을 최신식 스포츠... ","Thu, 07 May 2026 13:34:00 +0900"
"투타 안정감 찾아가는 삼성 라이온즈, NC와 주말 3연전에서 선두권으로...",https://www.idaegu.com/news/articleView.html?idxno=661780,https://www.idaegu.com/news/articleView.html?idxno=661780,"올 시즌 프로<b>야구</b>는 팀당 144경기를 치른다. 현재(이하 7일 오전 기준) 각 팀은 적게는 32경기, 많게는 33경기를 치르고 있다. 팀당 전체 경기의 20%를 조금 넘게 소화한 것이다. 삼성은 17승14패1무, 승률 0.548로 리그... ","Thu, 07 May 2026 13:30:00 +0900"
"前 롯데 자이언츠 외국인 투수 벨라스케즈, 시카고 컵스와 마이너 계약",https://www.sportalkorea.com/news/articleView.html?idxno=2025052909553196848,https://m.sports.naver.com/wbaseball/article/139/0002246837,한국프로<b>야구</b>리그(KBO) 롯데에 터커 데이비슨의 대체자로 입단한 그는 코디 폰세(토론토 블루제이스)와 맞붙을 '특급 에이스'로 평가를 받았으나 11경기에서 1승 4패 평균자책점 8.23에 그쳤다. 그와 함께 롯데의... ,"Thu, 07 May 2026 13:29:00 +0900"
[4K 영상] 부산의 100년사 '2026 해운대 모래축제 + 미디어파사드' 15일 ...,https://www.dailysportshankook.co.kr/news/articleView.html?idxno=428295,https://www.dailysportshankook.co.kr/news/articleView.html?idxno=428295,"관람객들은 조선통신사와 피란수도 시절의 발자취부터 부산국제영화제, 열정적인 <b>야구</b> 응원 문화, 그리고 가덕도 신공항이 그려낼 미래 비전까지 부산의 100년 여정을 모래 조각을 통해 여행하게 된다. 특히 올해는... ","Thu, 07 May 2026 13:28:00 +0900"
"삼성 류지혁, 3~4월 올곧은병원 월간 MVP 수상",https://www.kbmaeil.com/article/20260507500129,https://www.kbmaeil.com/article/20260507500129,프로<b>야구</b> 삼성라이온즈 타자 류지혁이 올곧은병원에서 시상하는 4월 월간 MVP로 선정됐다. 지난 6일 대구삼성라이온즈파크에서 열리는 키움과의 홈경기에 앞서 시상식이 열렸다. 류지혁은 3~4월 28경기에 나서... ,"Thu, 07 May 2026 13:24:00 +0900"
“부족한 날 채워준 건 팬” 20년간 롯데 지킨 조지훈 응원단장의 진심...,https://sports.donga.com/sports/article/all/20260507/133877528/1,https://m.sports.naver.com/kbaseball/article/382/0001272172,프로<b>야구</b> 역사상 한 팀서 20년 이상 활동한 응원단장은 그가 처음이다. 조 단장의 공로에 고마워한 롯데는... 2000년대에는 일명 ‘신문지와 주황색 봉다리(봉지) 응원’을 주도해 한국<b>야구</b>의 응원 문화를 이끌었다. 신종... ,"Thu, 07 May 2026 13:22:00 +0900"
[유통소식] 신세계백화점 커뮤니티 대학생 서포터즈 6기 모집,http://www.4th.kr/news/articleView.html?idxno=2111419,http://www.4th.kr/news/articleView.html?idxno=2111419,청정원 부스에서는 현장을 방문한 <b>야구</b>팬들에게 경기 관람 시 건강하고 시원하게 즐길 수 있도록 청정원 저당 홍초로 만든 에이드를 무료로 제공한다. 경기 중 이닝 전광판 퀴즈 이벤트를 진행해 청정원 저당 제품... ,"Thu, 07 May 2026 13:18:00 +0900"
&quot;KIA 대투수만 있나? 키움엔 '팀 홈런1위'→'삼중살' 양현종 있다&quot;…고향...,https://www.sportschosun.com/baseball/2026-05-07/202605070100035260002295,https://m.sports.naver.com/kbaseball/article/076/0004402910,이미 <b>야구</b>팬들이라면 그의 이름 석 자가 전혀 낯설지 않다. 물론 우리가 흔히 떠올리는 광주의 '대투수'는... 고등학생 시절까지 수없이 오갔던 익숙한 <b>야구</b>장에서 프로 데뷔 후 첫 고향 방문 홈런을 터뜨린 것이다. 의미가... ,"Thu, 07 May 2026 13:15:00 +0900"
"구리시, 부서 협력으로 유채꽃 축제 해충 방제 '총력'",https://www.cstimes.com/news/articleView.html?idxno=704710,https://www.cstimes.com/news/articleView.html?idxno=704710,또 평생학습과는 인창고 <b>야구</b>장 조명을 켜 해충 분산을 유도하는 등 부서 간 협력을 통해 대응할 방침이다. 구리시 관계자는 &quot;유채꽃 축제를 찾는 시민과 관광객들이 더 쾌적한 환경에서 축제를 즐길 수 있도록 선제적인... ,"Thu, 07 May 2026 13:06:00 +0900"
[유통뷰⑤] 가정의달 선물·나눔·생활용품… '따뜻한 5월' 마케팅 총출...,https://www.newscj.com/news/articleView.html?idxno=3399003,https://www.newscj.com/news/articleView.html?idxno=3399003,연간 1200만명 이상의 관중이 찾는 프로<b>야구</b> 경기장을 무대로 <b>야구</b>팬들과 현장에서 직접 소통하며 브랜드 접점을 넓히기 위해 기획됐다. 올해 론칭 30주년을 맞아 '라이프푸드 브랜드''의 도약을 선언한 청정원은 인천... ,"Thu, 07 May 2026 13:06:00 +0900"
"공 '81개' 던질 동안 3회도 못 막았다... '사사구'로 자멸한 최승용, 대...",https://www.mhnse.com/news/articleView.html?idxno=538593,https://m.sports.naver.com/kbaseball/article/445/0000411549,두산은 지난 6일 잠실<b>야구</b>장에서 열린 2026 신한 SOL KBO리그 정규시즌 LG 트윈스와의 경기에서 패하며 연패에 빠졌다. 선발 최승용의 부진이 뼈아팠다. 최승용은 올 시즌 6경기에 등판해 아직 승리 없이 3패만 기록 중이다.... ,"Thu, 07 May 2026 13:05:00 +0900"
"'재활' 김하성, MLB 복귀 기대감↗…2G 연속 쾅! '0.353'",https://www.nocutnews.co.kr/news/6513451?utm_source=naver&utm_medium=article&utm_campaign=20260507010305,https://m.sports.naver.com/wbaseball/article/079/0004144346,김하성(애틀랜타 브레이브스)이 재활 경기에서 두 경기 연속 안타를 터뜨리며 미국프로<b>야구</b> 메이저리그(MLB) 복귀 기대감을 키웠다. 애틀랜타 산하 마이너리그 트리플A 그위넷 스트라이퍼스 소속인 김하성은 7일... ,"Thu, 07 May 2026 13:04:00 +0900"
[e스포츠 이코노미] 컴투스 '서머너즈 워'가 증명한 10년 장수 공식,https://www.bloter.net/news/articleView.html?idxno=661486,https://n.news.naver.com/mnews/article/293/0000084095?sid=105,컴투스는 <b>야구</b> 게임을 활용한 오프라인 e스포츠 친선전을 진행한 바 있다. 한 본부장은 &quot;회사에서 나오는 게임들 중 e스포츠에 맞는 게임이 있다면 적극적으로 해서 SWC에서 성공했던 것처럼 만드는 게 목표&quot;라고 말했다.... ,"Thu, 07 May 2026 13:03:00 +0900"
치어리더 장로나 '이러니 안 반해?'[엑's HD포토],https://www.xportsnews.com/article/2145568,https://m.sports.naver.com/kbaseball/article/311/0002007991,"6일 오후 서울 송파구 잠실<b>야구</b>장에서 열린 '2026 신한 SOL Bank KBO리그' 두산 베어스와 LG 트윈스의 경기, LG 치어리더 장로나가 공연을 선보이고 있다.","Thu, 07 May 2026 13:01:00 +0900"
치어리더 장로나 '아이돌 경력 어디 안가죠'[엑's HD포토],https://www.xportsnews.com/article/2145561,https://m.sports.naver.com/kbaseball/article/311/0002007989,"6일 오후 서울 송파구 잠실<b>야구</b>장에서 열린 '2026 신한 SOL Bank KBO리그' 두산 베어스와 LG 트윈스의 경기, LG 치어리더 장로나가 공연을 선보이고 있다.","Thu, 07 May 2026 13:01:00 +0900"
치어리더 장로나 '이러니 안 반해?'[엑's HD포토],https://www.xportsnews.com/article/2145568,https://m.sports.naver.com/kbaseball/article/311/0002007991,"6일 오후 서울 송파구 잠실<b>야구</b>장에서 열린 '2026 신한 SOL Bank KBO리그' 두산 베어스와 LG 트윈스의 경기, LG 치어리더 장로나가 공연을 선보이고 있다.","Thu, 07 May 2026 13:01:00 +0900"
치어리더 장로나 '말라도 너무 말랐어'[엑's HD포토],https://www.xportsnews.com/article/2145570,https://m.sports.naver.com/kbaseball/article/311/0002007992,"6일 오후 서울 송파구 잠실<b>야구</b>장에서 열린 '2026 신한 SOL Bank KBO리그' 두산 베어스와 LG 트윈스의 경기, LG 치어리더 장로나가 공연을 선보이고 있다.","Thu, 07 May 2026 13:01:00 +0900"
치어리더 장로나 '놓치지 않는 아이컨택'[엑's HD포토],https://www.xportsnews.com/article/2145567,https://m.sports.naver.com/kbaseball/article/311/0002007990,"6일 오후 서울 송파구 잠실<b>야구</b>장에서 열린 '2026 신한 SOL Bank KBO리그' 두산 베어스와 LG 트윈스의 경기, LG 치어리더 장로나가 공연을 선보이고 있다.","Thu, 07 May 2026 13:01:00 +0900"
치어리더 장로나 '뼈말라 몸매'[엑's HD포토],https://www.xportsnews.com/article/2145554,https://m.sports.naver.com/kbaseball/article/311/0002007987,"6일 오후 서울 송파구 잠실<b>야구</b>장에서 열린 '2026 신한 SOL Bank KBO리그' 두산 베어스와 LG 트윈스의 경기, LG 치어리더 장로나가 공연을 선보이고 있다.","Thu, 07 May 2026 13:00:00 +0900"
치어리더 임혜진 '삼진 잡아주세요'[엑's HD포토],https://www.xportsnews.com/article/2145553,https://m.sports.naver.com/kbaseball/article/311/0002007986,"6일 오후 서울 송파구 잠실<b>야구</b>장에서 열린 '2026 신한 SOL Bank KBO리그' 두산 베어스와 LG 트윈스의 경기, LG 치어리더 임혜진이 응원을 펼치고 있다.","Thu, 07 May 2026 13:00:00 +0900"
“한화? 심장이 막 끓어올라요…진짜 더 잘하고 싶고 더 보여주고 싶고...,https://www.mydaily.co.kr/page/view/2026050622273183890,https://m.sports.naver.com/kbaseball/article/117/0004061982,"<b>야구</b>를 하면서, <b>야구</b>판이 어떻게 돌아갈지 모르겠지만 내가 왜 필요로 하는 투수인지 꼭 보여주고 싶다. 그 마음이 너무 크다. 항상 잘하고 싶은 마음이 너무 크다. 한화 상대로는 그게 좀 많이 있다”라고 했다. 김범수는... ","Thu, 07 May 2026 13:00:00 +0900"
"송성문 데뷔·김하성 복귀...히어로즈 출신 빅리거 4인 릴레이 맞대결,...",https://isplus.com/article/view/isp202605070095,https://m.sports.naver.com/wbaseball/article/241/0003508986,'코리안 빅리거' 계보를 잇는 이들이 같은 경기에 나서 투·타 또는 자존심 대결을 할 때마다 국내 <b>야구</b>팬은... 키움 히어로즈 전성기 연장을 이끈 네 선수가 오전 <b>야구</b>(MLB)를 기다리는 팬들에게 설렘을 안길 수 있을까.,"Thu, 07 May 2026 13:00:00 +0900"
치어리더 임혜진 '뿌뿌~'[엑's HD포토],https://www.xportsnews.com/article/2145552,https://m.sports.naver.com/kbaseball/article/311/0002007985,"6일 오후 서울 송파구 잠실<b>야구</b>장에서 열린 '2026 신한 SOL Bank KBO리그' 두산 베어스와 LG 트윈스의 경기, LG 치어리더 임혜진이 응원을 펼치고 있다.","Thu, 07 May 2026 13:00:00 +0900"
치어리더 장로나 '대만인 최초 KBO 치어리더'[엑's HD포토],https://www.xportsnews.com/article/2145556,https://m.sports.naver.com/kbaseball/article/311/0002007988,"6일 오후 서울 송파구 잠실<b>야구</b>장에서 열린 '2026 신한 SOL Bank KBO리그' 두산 베어스와 LG 트윈스의 경기, LG 치어리더 장로나가 공연을 선보이고 있다.","Thu, 07 May 2026 13:00:00 +0900"
치어리더 장로나 '뼈말라 몸매'[엑's HD포토],https://www.xportsnews.com/article/2145554,https://m.sports.naver.com/kbaseball/article/311/0002007987,"6일 오후 서울 송파구 잠실<b>야구</b>장에서 열린 '2026 신한 SOL Bank KBO리그' 두산 베어스와 LG 트윈스의 경기, LG 치어리더 장로나가 공연을 선보이고 있다.","Thu, 07 May 2026 13:00:00 +0900"
"강해진 타선·불펜…롯데, 5월 돌풍 일으켜 중위권 진입 노린다",https://www.yna.co.kr/view/AKR20260507092800007?input=1195m,https://m.sports.naver.com/kbaseball/article/001/0016063251,도박장 징계 멤버 합류로 타선 화력 상승…제 폼 찾는 불펜진 프로<b>야구</b> 롯데 자이언츠가 이달 들어 화력이 붙은 타선과 단단해진 불펜진을 통해 중위권 진입을 노린다. 롯데는 그동안 팀 평균자책점 1위(3.44·6일... ,"Thu, 07 May 2026 12:59:00 +0900"
"목동운동장에 돔<b>야구</b>장·MICE, 홈플러스엔 테크기업...이기재 양천구청...",https://www.thepowernews.co.kr/view.php?ud=2026050711420125616cf2d78c68_7,https://www.thepowernews.co.kr/view.php?ud=2026050711420125616cf2d78c68_7,이기재 국민의힘 양천구청장 후보가 7일 목동운동장·유수지를 MICE와 돔 <b>야구</b>장이 결합된 복합문화 공간으로... 2단계에서는 서울시와 협력해 돔 <b>야구</b>장을 짓고 아이스링크·종합운동장을 최신 스포츠 시설로... ,"Thu, 07 May 2026 12:56:00 +0900"
"88세 김영옥, 어버이날 SSG-두산전 시구... &quot;할머니도 할 수 있다&quot; 소감",https://www.insight.co.kr/news/553082,https://www.insight.co.kr/news/553082,프로<b>야구</b> 두산 베어스가 내일(8일) 잠실구장에서 펼쳐질 SSG 랜더스와의 홈경기에서 특별한 시구 이벤트를... 어버이날을 기념한 의미 있는 이벤트로 <b>야구</b>장에 특별한 추억이 만들어질 전망이다. 두산 베어스는 홈 팬들... ,"Thu, 07 May 2026 12:54:00 +0900"
"어제 kt<b>야구</b>장 '불' 끈 사람들 정체, 알고 보니…댓글창이 뒤집어졌다",https://www.wikitree.co.kr/articles/1135320,https://www.wikitree.co.kr/articles/1135320,<b>야구</b> 직관을 하러 온 민간인 신분의 소방관들이었다. 롯데-KT 경기 7회에 갑자기 멈춘 이유 이날 수원... KT 구단은 전광판을 통해 &quot;<b>야구</b>장 외부 쓰레기장에서 화재가 발생해 연기가 구장 안으로 유입됐다&quot;고 안내했다. 소방... ,"Thu, 07 May 2026 12:52:00 +0900"
"'대구의 아들' 키움 '대타자' 양현종, 팀 연패에도 '홈런+삼중살' 연이틀...",https://www.starnewskorea.com/sports/2026/05/07/2026050712325299367,https://m.sports.naver.com/kbaseball/article/108/0003433468,"키워온 <b>야구</b>장에서 가족들이 지켜보는 가운데 홈런포를 가동했기 때문이다. 양현종에 따르면 부모님을 비롯해 할아버지, 고모까지 모두 양현종의 경기를 보기 위해 <b>야구</b>장을 찾았다. 이날 양현종은 2회초 삼성 선발 잭... ","Thu, 07 May 2026 12:49:00 +0900"
"의령군, 고유가 대응 추경 140억 원 확정…민생 안정",https://www.newspim.com/news/view/20260507000739,https://www.newspim.com/news/view/20260507000739,"주요 사업은 의령 친환경<b>야구</b>장 노후시설 개보수공사 8억 원, 성당양수장 시설개선사업 31억3000만 원, 청년창업농 맞춤형 지원사업 1억9000만 원, 관내 빗물받이 준설사업 1억7000만 원, 낙동강 자전거길(박진고개)... ","Thu, 07 May 2026 12:48:00 +0900"
"한 번도 규정이닝 못 채운 日 31세 베테랑, 60년 만에 3G 연속 완봉승 진...",http://www.osen.co.kr/article/G1112796269,https://m.sports.naver.com/wbaseball/article/109/0005528978,일본프로<b>야구</b> 한신 타이거즈 타카하시 하루토(31)가 3경기 연속 완봉승이라는 진기록을 달성했다.... 타카하시는 일본프로<b>야구</b> 통산 62경기(384⅓이닝) 25승 20패 1홀드 평균자책점 2.51을 기록한 베테랑 좌완투수다.... ,"Thu, 07 May 2026 12:42:00 +0900"
"컴투스, 레전드와 함께하는 ‘2026 유저 <b>야구</b> 캠프’ 참가자 모집",https://www.gamechosun.co.kr/webzine/article/view.php?no=221884,https://www.gamechosun.co.kr/webzine/article/view.php?no=221884,컴투스(대표 남재관)는 KBO 리그 No.1 모바일 <b>야구</b> 게임 ‘컴투스프로<b>야구</b>V26(이하 컴프야V26)’에서 ‘2026 유저 <b>야구</b> 캠프’의 참가자 모집을 시작한다고 7일 밝혔다. 오는 6월 20일 경기도 곤지암 ‘팀업캠퍼스’에서... ,"Thu, 07 May 2026 12:38:00 +0900"
컴투스 '2026 유저 <b>야구</b> 캠프' 참가자 모집,https://www.tgdaily.co.kr/news/articleView.html?idxno=404039,https://www.tgdaily.co.kr/news/articleView.html?idxno=404039,"컴투스(대표 남재관)는 모바일 <b>야구</b> 게임 '컴투스프로<b>야구</b>V26'의 '2026 유저 <b>야구</b> 캠프' 참가자를 모집한다고 7일 밝혔다. 이 캠프는 오는 6월 20일 경기도 곤지암 '팀업캠퍼스'에서 열리며 이종범, 나지완, 정민철 등 레전드... ","Thu, 07 May 2026 12:38:00 +0900"
"김용빈, 학창시절 고백 &quot;중학교가 마지막…경찰서에 갔었다&quot;",http://www.atstar1.com/news/articleView.html?idxno=6034969,https://m.entertain.naver.com/article/415/0000048545,"이와 함께 먹고 사는 일상을 공개하고, 주변 사람들과 나누고 싶은 추억의 맛도 공유한다. '편스토랑'은 8일 <b>야구</b> 중계가 끝나는 대로 편성된다. (사진=KBS 2TV '신상출시 편스토랑')","Thu, 07 May 2026 12:35:00 +0900"
"오승환, 보유 금만 1000돈…우승 반지→트로피까지 '레전드' 투수 면모 ...",https://www.tvreport.co.kr/entertainment/article/1041860/,https://m.entertain.naver.com/article/213/0001384930,"오승환은 한국시리즈 우승 반지 5개를 비롯해 470돈짜리 황금 <b>야구</b>공, 100돈 트로피, 21돈 순금 액자 등 무려 1... 이후 두 부자는 <b>야구</b>장으로 첫 외출에 나섰다. 이동 중 차 안에서 높은 아파트 단지를 본 서준은 &quot;너무... ","Thu, 07 May 2026 12:31:00 +0900"
"가족 앞 홈런에도 웃지 못했다…양현종, “개인보다 팀 승리가 우선” ...",http://www.osen.co.kr/article/G1112796271,https://m.sports.naver.com/kbaseball/article/109/0005528975,"대구에서 태어나 자라고, 학창 시절부터 자주 찾던 <b>야구</b>장이다. 양현종은 “고향에서 경기를 하다 보니 마음이 편했다”며 “부모님과 할아버지, 고모까지 모두 오셔서 보셨는데, 그 앞에서 홈런을 쳐서 기뻤다”고... ","Thu, 07 May 2026 12:31:00 +0900"
"결국 울어버린 박계범…두산→삼성 트레이드 직후, 팬들에게 뜨거운 안...",https://www.spotvnews.co.kr/news/articleView.html?idxno=815151,https://m.sports.naver.com/kbaseball/article/477/0000607350,"박계범은 울먹거리며 &quot;응원해 주셔서 감사하고 <b>야구</b>장에서는 웃는 얼굴로 뵙겠다&quot;고 말했다. 고개 숙여... 30살이면 <b>야구</b> 꽃피울 나이다. 가서 지지 말고 더 잘해. 꼭 응원할게!&quot;, &quot;삼성에서 필요해서 부른 거니... ","Thu, 07 May 2026 12:30:00 +0900"
"컴투스, 레전드와 함께하는 ‘2026 유저 <b>야구</b> 캠프’ 참가자 모집",https://kbench.com/?q=node/278504,https://kbench.com/?q=node/278504,컴투스(대표 남재관)는 KBO 리그 No.1 모바일 <b>야구</b> 게임 ‘컴투스프로<b>야구</b>V26(이하 컴프야V26)’에서 ‘2026 유저 <b>야구</b> 캠프’의 참가자 모집을 시작한다고 7일 밝혔다. 오는 6월 20일 경기도 곤지암 ‘팀업캠퍼스’에서... ,"Thu, 07 May 2026 12:28:00 +0900"
"‘뒤늦은 봄바람’ 롯데, 도박 3인방 복귀로 탄력 받나",https://www.dailian.co.kr/news/view/1641399/?sc=Naver,https://m.sports.naver.com/kbaseball/article/119/0003087986,프로<b>야구</b> 롯데 자이언츠의 최근 상승세가 심상치 않다. 롯데는 6일 수원 kt위즈파크에서 열린 '2026 신한 SOL KBO리그' 정규시즌 kt위즈와 원정 경기서 8-1로 승리했다. 롯데는 장단 16개 안타를 몰아쳐 전날 석패(4-5)를... ,"Thu, 07 May 2026 12:25:00 +0900"
"'컴투스프로<b>야구</b>V26' 이용자들, 한국 <b>야구</b> 레전드와 함께 하는 <b>야구</b> 캠프...",https://www.sportschosun.com/entertainment/2026-05-07/202605070100035740002327,https://n.news.naver.com/mnews/article/076/0004402896?sid=105,"컴투스가 모바일 <b>야구</b>게임 팬들과 '진짜 <b>야구</b>장'에서 만난다. 게임으로 즐기던 <b>야구</b>의 감동을 직접 체험하고, 한국 <b>야구</b> 레전드들과 호흡할 수 있는 특별한 자리가 마련된다. 컴투스는 7일 '컴투스프로<b>야구</b>V26'의 이용자를... ","Thu, 07 May 2026 12:22:00 +0900"
"[위클리오늘] 구리시, 유채꽃 축제 대비 모기·해충 방역소독 실시",http://www.weeklytoday.com/news/articleView.html?idxno=774496,http://www.weeklytoday.com/news/articleView.html?idxno=774496,"조정과 풀숲 주변 물대포 살포를 하고, 문화예술과는 먹거리 구역 가림막 설치와 동양하루살이 관련 안내방송을 준비한다. 또한 평생학습과는 인창고등학교 <b>야구</b>장 야간조명을 점등해 해충 분산 대응에 협조할 예정이다.","Thu, 07 May 2026 12:10:00 +0900"
"&quot;갑작스럽게 떠나게 됐는데…&quot; 차마 말 못 이은 박계범의 마지막 인사,...",https://www.sportalkorea.com/news/articleView.html?idxno=2025052909553196428,https://m.sports.naver.com/kbaseball/article/139/0002246831,"박계범은 &quot;이렇게 갑작스럽게 떠나게 됐는데, 그동안 많은 관심과 응원 보내주셔서 감사하다&quot;라며 &quot;<b>야구</b>장에서는 웃는 얼굴로 뵙겠다&quot;라고 전했다. 사진=유튜브 'BEARS TV' 영상 캡처, 뉴시스, 두산 베어스 제공","Thu, 07 May 2026 12:10:00 +0900"
"[<b>야구</b>] 김혜성, 3루타 포함 '멀티히트'… 이정후·송성문은 맞대결에서...",https://www.newscj.com/news/articleView.html?idxno=3398977,https://www.newscj.com/news/articleView.html?idxno=3398977,7일(한국시간) 미국 텍사스주 휴스턴 다이킨 파크에서 미국프로<b>야구</b> 메이저리그(MLB) 휴스턴 애스트로스와 로스앤젤레스 다저스의 경기가 열렸다. 다저스의 김혜성은 에 8번 타자 유격수로 출전해 5타수 2안타를 때리고... ,"Thu, 07 May 2026 12:08:00 +0900"
"이기재 양천구청장 후보, 목동운동장 돔<b>야구</b>장·MICE 복합개발...홈플러...",http://www.beyondpost.co.kr/view.php?ud=2026050711343862466cf2d78c68_30,http://www.beyondpost.co.kr/view.php?ud=2026050711343862466cf2d78c68_30,2단계는 서울시와 손잡고 돔 <b>야구</b>장을 새로 짓고 아이스링크·종합운동장을 최신 스포츠 시설로 업그레이드한다. 현재 저이용 상태인 목동운동장·유수지 일대를 스포츠 테마형 복합문화 공간으로 새롭게 조성하는 것이... ,"Thu, 07 May 2026 12:06:00 +0900"
"홈런 치고도 고개 숙인 나승엽 &quot;응원가 불러주시니 울컥, 아직도 계속 죄...",https://www.starnewskorea.com/sports/2026/05/07/2026050711551988750,https://m.sports.naver.com/kbaseball/article/108/0003433459,나승엽은 지난 2월 대만 스프링캠프에서 고승민(26) 등과 함께 불법 도박장을 방문해 한국<b>야구</b>위원회(KBO)... 그는 7회초 무사 2루에서는 <b>야구</b>장 연기 유입으로 경기가 23분간 중단된 후 속개되자마자 주권으로부터 중전... ,"Thu, 07 May 2026 12:05:00 +0900"
"[떠먹는 스포츠] '어깨 수술' 선배 류현진 &quot;동주야, 무서워하지마&quot;",http://www.yonhapnewstv.co.kr/news/MYH20260507110918E80,https://m.sports.naver.com/kbaseball/article/422/0000862292,"▶ '어깨 수술' 선배 류현진 &quot;동주야, 무서워하지마&quot; 한국 프로<b>야구</b>의 간판스타 한화 류현진이 KBO 통산 120승을 달성했습니다. 류현진은 어제 열린 기아와의 경기에서 6이닝동안 삼진 여덟개를 곁들이며 1실점으로 호투해... ","Thu, 07 May 2026 12:00:00 +0900"
"몽베스트, 스포츠 유망 종목 후원 전개… 'Dream Your Dreamz' 캠페인 시...",http://www.thefirstmedia.net/news/articleView.html?idxno=199109,http://www.thefirstmedia.net/news/articleView.html?idxno=199109,"몽베스트는 캠페인의 취지를 살려 기초 종목 및 비인기 종목의 발전을 도모하기 위해 카누, 사격, 근대5종, 롤러스포츠, 여자<b>야구</b> 등 5개 종목 연맹과 공식 스폰서십을 체결했다. 스폰서십의 일환으로 몽베스트는... ","Thu, 07 May 2026 12:00:00 +0900"
MLB 감독 선임 → 17연패로 퇴출 → CNN 설립… 테드 터너 별세 [후일담...,https://www.donga.com/news/Sports/article/all/20260507/133876804/1,https://m.sports.naver.com/wbaseball/article/020/0003717853,테드 터너 전 미국프로<b>야구</b> 메이저리그(MLB) 애틀랜타 브레이브스 감독이 세상을 떠났습니다. 향년 88세.... 출전했던 제리 로이스터(74) 전 한국프로<b>야구</b> 롯데 자이언츠 감독도 있었습니다. 삼가 고인의 명복을 빕니다.,"Thu, 07 May 2026 12:00:00 +0900"
"이기재 양천구청장 후보, 서울시 공동 목동운동장 통합개발...MICE·돔야...",https://www.hinews.co.kr/view.php?ud=2026050711394258766cf2d78c68_48,https://www.hinews.co.kr/view.php?ud=2026050711394258766cf2d78c68_48,2단계에서는 서울시와 협력해 돔 <b>야구</b>장을 신설하고 아이스링크·종합운동장을 최신 스포츠 시설로 리모델링한다. 오랜 기간 저이용 상태였던 이 일대가 스포츠 테마형 복합문화 공간으로 재탄생하게 된다. 홈플러스... ,"Thu, 07 May 2026 11:56:00 +0900"
"&quot;발버둥치고 있다&quot; 223일만의 1군, '5년간 101홀드' 빛바랜 영광 → 147㎞...",https://www.sportschosun.com/baseball/2026-05-07/202605070100035450002309,https://m.sports.naver.com/kbaseball/article/076/0004402885,<b>야구</b>를 놓지 않고 버텼던 원동력이었다.&quot; 투구폼도 와인드업 없이 세트포지션을 던지는 원래의 폼으로 돌아왔다. 불펜투수답게 '주자가 있다고 생각하고 던져라'라는 진해수 코치의 조언이 와닿았던 셈. 지나가던... ,"Thu, 07 May 2026 11:51:00 +0900"
"[오늘의 유통街] KGC 정관장, 남성 건강 제품 'RXGIN 홍천웅' 출시…'홍천...",https://www.financialpost.co.kr/news/articleView.html?idxno=258059,https://www.financialpost.co.kr/news/articleView.html?idxno=258059,프로<b>야구</b> 열기에 발맞춰 오는 15~17일 인천 SSG랜더스필드에서 '청정원데이'를 진행한다. 이번 행사는 프로<b>야구</b> 경기장을 찾은 <b>야구</b>팬들과 현장에서 직접 소통하며 접점을 넓히고자 기획됐다. 특히 올해 론칭 30주년을... ,"Thu, 07 May 2026 11:50:00 +0900"
"기다린 이유 있구나…‘징계 끝난’ 고승민·나승엽, 침체한 롯데 공격...",https://www.sportsseoul.com/news/read/1607721?ref=naver,https://m.sports.naver.com/kbaseball/article/468/0001238934,KBO리그 인기가 하늘을 찌르는 상황서 터진 때아닌 ‘도박 스캔들’에 팬들이 분노했다 한국<b>야구</b>위원회... 롯데는 2017년을 끝으로 가을<b>야구</b>를 밟지 못하고 있다. 올해는 달라야 한다. 속죄의 마음과 함께 돌아온... ,"Thu, 07 May 2026 11:48:00 +0900"
'황당 견제사→2군 강등' 흑역사 씻고 LG 복덩이로…'만년 유망주' 송찬...,https://www.sportalkorea.com/news/articleView.html?idxno=2025052909553195400,https://m.sports.naver.com/kbaseball/article/139/0002246827,송찬의는 6일 서울 잠실<b>야구</b>장에서 열린 2026 신한 SOL KBO리그 두산 베어스와의 홈경기에 5번 지명타자로 선발 출전해 3타수 2안타(1홈런) 2사사구 1타점 2득점으로 펄펄 날았다. 첫 타석 삼진으로 물러난 것이 이날... ,"Thu, 07 May 2026 11:45:00 +0900"
"컴투스 '2026 유저 <b>야구</b> 캠프' 참가자 모집 … 이종범, 정민철, 나지완 ...",https://www.khgames.co.kr/news/articleView.html?idxno=304121,https://www.khgames.co.kr/news/articleView.html?idxno=304121,컴투스가 모바일 <b>야구</b> 게임 '컴투스프로<b>야구</b>V26' 유저를 대상으로 '2026 유저 <b>야구</b> 캠프' 참가자 모집을 시작한다. 오는 6월 20일 경기도 곤지암 팀업캠퍼스에서 열리는 이번 행사는 유저들이 게임으로 즐기던 <b>야구</b>를 직접... ,"Thu, 07 May 2026 11:44:00 +0900"
"2경기서 벌써 3홈런… KIA 새 외국인타자 아데를린, ‘6주 알바’ 넘어설...",http://www.edaily.co.kr/news/newspath.asp?newsid=05444806645446624,https://m.sports.naver.com/kbaseball/article/018/0006274822,"미국 마이너리그와 일본프로<b>야구</b>, 멕시코리그를 거쳤다. 지난해 멕시코리그에서는 홈런왕에 올랐다.... 아데를린은 일본프로<b>야구</b>에서 정교한 분석 <b>야구</b>에 고전한 경험도 있다. 일본에서 2시즌 동안 83경기에... ","Thu, 07 May 2026 11:44:00 +0900"
"“저 투수 누구냐, 혹시 트레이드라도…” 60세 투수 조련사, 왜 타 팀 ...",http://www.osen.co.kr/article/G1112796221,https://m.sports.naver.com/kbaseball/article/109/0005528957,프로<b>야구</b> 대표 투수 조련사는 왜 타 팀 신인의 투구 영상을 보고 극찬을 쏟아냈을까. KT 위즈 이강철 감독은... 데뷔와 함께 프로<b>야구</b> 대표 투수 조련사의 마음을 사로잡은 최주형이 향후 어떤 성장 곡선을 그려나갈지... ,"Thu, 07 May 2026 11:43:00 +0900"
[<b>야구</b>] 롯데 나승엽 &quot;팬들 응원가 불러주셔서 울컥… 이기기만 하겠다&quot;,https://www.newscj.com/news/articleView.html?idxno=3398969,https://www.newscj.com/news/articleView.html?idxno=3398969,"승리에 쐐기를 박는 대형 2점 홈런포를 쏘아올리자 팬들은 열광했고, 나승엽은 <b>야구</b>로 팬들에게 보답하겠다는 약속을 지켰다. 나승엽은 지난 5일에는 대타로 나와 2타수 2안타 1타점을 올렸다. 팀의 대만 전지 훈련 도중... ","Thu, 07 May 2026 11:42:00 +0900"
"김용빈, 생활기록부 최초 공개…경찰서 갔던 이유는? (‘편스토랑’)",https://www.mk.co.kr/article/12039006,https://m.entertain.naver.com/article/009/0005676466,"16살 중학생 시절 김용빈의 성적부터 꿈, 선생님들의 평가 등은 오는 8일 ‘불금<b>야구</b>’ 중계가 끝나는 대로 ‘신상출시 편스토랑’에서 방송된다. [김소연 스타투데이 기자]","Thu, 07 May 2026 11:42:00 +0900"
"&quot;서남권 중심지로 도약&quot; 이기재 양천구청장 후보, 목동MICE+홈플러스 미...",http://www.thebigdata.co.kr/view.php?ud=2026050711372510566cf2d78c68_23,http://www.thebigdata.co.kr/view.php?ud=2026050711372510566cf2d78c68_23,2단계에서는 서울시와 협력해 돔 <b>야구</b>장을 건설하고 아이스링크와 종합운동장을 최신 시설로 리모델링한다. 그동안 활용도가 낮았던 목동운동장·유수지 일대가 스포츠 테마형 복합문화 공간으로 변모하게 된다.... ,"Thu, 07 May 2026 11:40:00 +0900"
“홈런 공동 1위인데”…KIA 아데를린에 더 기대 거는 이유,http://www.kjdaily.com/article.php?aid=1778121523678182255,http://www.kjdaily.com/article.php?aid=1778121523678182255,/사진=KIA 구단 제공[광주매일신문= 주홍철 기자] 프로<b>야구</b> KIA 타이거즈의 대체 외국인 타자 아데를린 로드리게스가 강렬한 인상을 남기고 있다. 부상으로 빠진 카스트로의 공백을 메우는 것을 넘어 새로운 공격... ,"Thu, 07 May 2026 11:40:00 +0900"
"컴투스, 레전드와 함께하는 '2026 유저 <b>야구</b> 캠프' 참가자 모집",https://www.thisisgame.com/articles/422872,https://www.thisisgame.com/articles/422872,"유저 대상으로 스포츠 활동 참여 기회 및 레전드 선수들 사인회 마련 한국프로<b>야구</b>은퇴선수협회와 협업…이종범, 장성호 등 레전드 선수 10여 명이 직접 지도 예정 초록우산 아동 고척돔 초청, 고교 <b>야구</b>부 후원 등... ","Thu, 07 May 2026 11:38:00 +0900"
"'저이용 목동운동장, 스포츠·MICE 복합공간으로' 양천구청장 후보, 통합...",http://www.lawissue.co.kr/view.php?ud=2026050711294823486cf2d78c68_12,http://www.lawissue.co.kr/view.php?ud=2026050711294823486cf2d78c68_12,2단계에서는 서울시와 협력해 돔 <b>야구</b>장을 짓고 아이스링크와 종합운동장을 현대적 스포츠 시설로 리모델링한다. 오랫동안 저이용 상태에 머물러온 이 일대를 스포츠 테마형 복합문화 공간으로 되살리겠다는 의지다.... ,"Thu, 07 May 2026 11:36:00 +0900"
강원 6·3 지선 토론회 막 올랐다...11일 도지사 후보 첫 격돌,http://www.fnnews.com/news/202605071047468397,https://n.news.naver.com/mnews/article/014/0005518276?sid=162,두 후보는 △공소 취소 특검법 △축의금 △설악산 오색케이블카 사업 △프로<b>야구</b>단 창단 등 주요 쟁점들에 대해 날 선 공방을 펼칠 것으로 보인다. 기초단체장 후보들의 정책 대결도 지역별로 촘촘하게 개최된다. 7일... ,"Thu, 07 May 2026 11:34:00 +0900"
세계 최초 24시간 뉴스…CNN 창립자 테드 터너 별세,https://view.asiae.co.kr/article/2026050709384492526,https://n.news.naver.com/mnews/article/277/0005759507?sid=104,"초창기에는 오래된 시트콤과 영화를 방영했으며, 이후 <b>야구</b>팀 애틀랜타 브레이브스의 경기 중계권을 사들여 시청자를 모았다. 그는 이때의 성공을 기반으로 1976년 채널17을 위성 방송으로 만들면서 전국 케이블... ","Thu, 07 May 2026 11:34:00 +0900"
다저스 김혜성 3루타 포함 7번째 멀티히트,https://www.kyeonggi.com/article/20260507580126,https://m.sports.naver.com/wbaseball/article/666/0000106064,김혜성은 7일(한국시간) 미국 텍사스주 휴스턴 다이킨 파크에서 열린 미국프로<b>야구</b> 메이저리그(MLB) 휴스턴 애스트로스와의 방문 경기에 8번 타자 유격수로 출전해 5타수 2안타를 치고 한 번 홈을 밟았다. 김혜성의... ,"Thu, 07 May 2026 11:30:00 +0900"
"한화 이글스 팬들, 본사 앞 트럭 시위…&quot;구단 운영 문제 개선 촉구&quot;",https://www.cbci.co.kr/news/articleView.html?idxno=572846,https://www.cbci.co.kr/news/articleView.html?idxno=572846,"프로<b>야구</b> 한화 팬들, 한화 사옥 앞에서 트럭 시위[독자 제공. 재판매 및 DB 금지] 프로<b>야구</b> 한화 이글스 일부 팬들이 6일 서울 중구 청계천로변 한화 본사 사옥 앞에서 트럭 시위를 벌였다. 이들은 최근 구단의 경기... ","Thu, 07 May 2026 11:30:00 +0900"
"미워도 다시 한번…롯데, 나승엽-고승민 복귀 효과 '톡톡'",https://www.news1.kr/sports/baseball/6159268,https://m.sports.naver.com/kbaseball/article/421/0008930818,과오를 반성하면서 <b>야구</b>만 잘하겠다고 다짐했던 이들은 맹타를 휘두르며 거인 군단의 타선을 깨웠다.... 5경기로 좁히며 '가을 <b>야구</b>'를 향한 도전을 이어갔다. 롯데는 KT에 4-5로 석패했던 5일 경기에서도 두 번의... ,"Thu, 07 May 2026 11:29:00 +0900"
"이기재 양천구청장 후보, 목동MICE 단지·홈플러스 부지 미래기업 유치...",http://www.globalepic.co.kr/view.php?ud=2026050711240327896cf2d78c68_29,http://www.globalepic.co.kr/view.php?ud=2026050711240327896cf2d78c68_29,"2단계는 서울시와 협력해 돔 <b>야구</b>장을 건설하고, 아이스링크와 종합운동장을 최신 스포츠 시설로 리모델링한다. 저이용 상태의 목동운동장·유수지 일대를 스포츠 테마형 복합문화 공간으로 새롭게 탈바꿈시키는 게... ","Thu, 07 May 2026 11:28:00 +0900"
[게임 게시판]크래프톤·엔씨·컴투스·위메이드·스마일게이트,https://www.businessplus.kr/news/articleView.html?idxno=111493,https://www.businessplus.kr/news/articleView.html?idxno=111493,"◇컴투스, '2026 유저 <b>야구</b> 캠프' 참가자 모집 사진=컴투스 컴투스는 KBO 리그 모바일 <b>야구</b> 게임 '컴투스프로<b>야구</b>V26'(이하 컴프야V26)에서 '2026 유저 <b>야구</b> 캠프'의 참가자 모집을 시작한다고 7일 밝혔다. 다음달 20일... ","Thu, 07 May 2026 11:28:00 +0900"
"스완지시티 MF 엄지성, 알고보니 KIA 타이거즈 팬이었다! 오늘(7일) 광주...",https://www.starnewskorea.com/sports/2026/05/07/2026050711130022352,https://m.sports.naver.com/kbaseball/article/108/0003433446,이어 &quot;지난해 처음 직관한 뒤 <b>야구</b>에 매료돼 지금까지 타이거즈를 응원하고 있다. 시구뿐만 아니라 <b>야구</b>장을 찾은 팬들과 함께 열렬히 응원하며 승리를 기원하겠다&quot;고 소감을 전했다.,"Thu, 07 May 2026 11:27:00 +0900"
&quot;자고 나면 잘 돼있을거야&quot;...'수술 선배' 류현진이 문동주에 전한 현실...,http://www.edaily.co.kr/news/newspath.asp?newsid=05385766645446624,https://m.sports.naver.com/kbaseball/article/018/0006274803,‘투수는 어깨에 칼 대는 것이 아니다’라는 말이 <b>야구</b> 속설로 공공연히 받아들여졌다. 실제로 류현진은... 류현진은 한국 프로<b>야구</b> 최고 투수로 출발해 메이저리그에서도 성공한 대투수다. 게다가 팀내 투수 최고참이다.... ,"Thu, 07 May 2026 11:26:00 +0900"
"‘유망주로 바글바글’ 두산 외야, ‘정수빈 후계자’ 전다민의 생존 투...",https://sports.khan.co.kr/article/202605071124003?pt=nv,https://m.sports.naver.com/kbaseball/article/144/0001113940,"전다민은 “손아섭 선배님처럼 대단하신 분과 같이 <b>야구</b>를 하니까 여쭤볼 것도, 보고 배우는 것도 많다. 정말 신기하다. ‘<b>야구</b>는 기세로 하는 것’이라는 얘기를 해주신다”며 “<b>야구</b>를 정말 열심히 하시더라.... ","Thu, 07 May 2026 11:25:00 +0900"
"3루타 ‘쾅’ … 김혜성, 7번째 멀티히트",https://www.munhwa.com/article/11587341?ref=naver,https://m.sports.naver.com/wbaseball/article/021/0002789671,"AP 연합뉴스 김혜성(LA 다저스)이 미국프로<b>야구</b> 메이저리그(MLB)에서 시즌 첫 번째 3루타, 7번째 멀티 히트(1경기 2안타 이상)를 날렸다. 김혜성은 7일(한국시간) 미국 텍사스주 휴스턴 다이킨 파크에서 열린 휴스턴... ","Thu, 07 May 2026 11:22:00 +0900"
"[산업소식] SK AX, 채용 연계형 AI 교육 프로그램 SKALA 4기 모집",http://www.4th.kr/news/articleView.html?idxno=2111418,http://www.4th.kr/news/articleView.html?idxno=2111418,컴투스 '2026 유저 <b>야구</b> 캠프' 참가자 모집. /이미지=2026.5.7.컴투스 컴투스 '2026 유저 <b>야구</b> 캠프' 참가자 모집 컴투스는 KBO 리그 모바일 <b>야구</b> 게임 '컴투스프로<b>야구</b>V26'(컴프야V26)에서 '2026 유저 <b>야구</b> 캠프' 참가자 모집을... ,"Thu, 07 May 2026 11:18:00 +0900"
문보경 빈자리? 빅보이가 있잖아…이재원 130m 투런+슈퍼캐치[지형준의...,http://www.osen.co.kr/article/G1112796276,https://m.sports.naver.com/kbaseball/article/109/0005528931,6일 서울 잠실<b>야구</b>장에서 열린 2026 신한 SOL KBO리그 LG 트윈스와 두산 베어스의 경기. 전날 주전 내야수... 부상 악재를 희망으로 바꾼 이재원의 활약에 경기가 끝난 뒤에도 잠실<b>야구</b>장에는 “잠실의 빅보이~ LG의 이재원... ,"Thu, 07 May 2026 11:18:00 +0900"
쑥대밭 마운드-들고일어난 보살팬…한화 총체적 난국 어떻게 벗어날까,https://www.sportsseoul.com/news/read/1607696?ref=naver,https://m.sports.naver.com/kbaseball/article/468/0001238909,"<b>야구</b>는 투수 놀음이라 했다. 한화 마운드가 뒤집힌 영향이 크다. 시즌 초반부터 심상찮았다. 외인 원투펀치가 종적을 감췄고, 무너진 마무리는 1군 말소됐다. 투수 누구 할 것 없이 제구가 말을 안 들었다. 외국인... ","Thu, 07 May 2026 11:17:00 +0900"
"'빈자리 꿰찬다' 다저스 김혜성, '시즌 첫 3루타 폭발' 7번째 멀티히트...",https://www.starnewskorea.com/sports/2026/05/07/2026050710173570871,https://m.sports.naver.com/wbaseball/article/108/0003433431,김혜성은 7일(한국시간) 미국 텍사스주 휴스턴 다이킨 파크에서 열린 2026 프로<b>야구</b> 메이저리그(MLB) 휴스턴 애스트로스와 원정경기에 8번 타자 유격수로 선발 출전해 시즌 첫 3루타 포함 5타수 2안타 1득점으로... ,"Thu, 07 May 2026 11:16:00 +0900"
"구리시, 유채꽃축제 앞두고 해충 방역 강화",https://www.job-post.co.kr/news/articleView.html?idxno=215276,https://www.job-post.co.kr/news/articleView.html?idxno=215276,평생학습과는 인창고등학교 <b>야구</b>장 야간조명을 활용해 해충 분산 대응에 협조할 계획이다. 구리시 관계자는 &quot;축제장을 찾는 시민과 관광객들이 불편 없이 축제를 즐길 수 있도록 방역과 환경 관리에 만전을 기하고 있다... ,"Thu, 07 May 2026 11:16:00 +0900"
"김혜성, 올 시즌 첫 3루타… 타율 0.314",http://www.hansbiz.co.kr/news/articleView.html?idxno=837333,http://www.hansbiz.co.kr/news/articleView.html?idxno=837333,/연합뉴스 | 서울=한스경제 신희재 기자 | 미국프로<b>야구</b> 메이저리그(MLB) 로스앤젤레스 다저스에서 뛰는 김혜성이 시즌 1호 3루타를 치는 등 3경기 연속 안타를 올렸다. 김혜성은 7일(한국 시각) 미국 텍사스주 휴스턴... ,"Thu, 07 May 2026 11:16:00 +0900"
"식품업계, 프로<b>야구</b> '브랜드 데이' 마케팅 전개",http://www.wsobi.com/news/articleView.html?idxno=311464,http://www.wsobi.com/news/articleView.html?idxno=311464,"식품업계가 프로<b>야구</b> 팬덤을 겨냥해 '브랜드 데이' 마케팅을 이어가고 있다. 농심과 교촌치킨이 잇따라... 한편 교촌<b>야구</b>응원세트 구매 고객, 대전 지역아동센터 아동 등 200명이 초청돼 경기를 관람했다. 이외에... ","Thu, 07 May 2026 11:12:00 +0900"
"MLB 휴스턴 주전 내야수 카를로스 코레아, 왼발목 힘줄 파열로 시즌 아...",http://www.maniareport.com/view.php?ud=2026050709320014296cf2d78c68_19,https://m.sports.naver.com/wbaseball/article/425/0000188328,미국프로<b>야구</b>(MLB) 휴스턴 주전 내야수 카를로스 코레아(31)가 시즌 아웃됐다. 코레아는 7일 다저스전 타격 연습 중 왼쪽 발목 힘줄이 끊어져 접합 수술을 받기로 했다. 재활에 6~8개월이 걸려 시즌 출전이... ,"Thu, 07 May 2026 11:11:00 +0900"
"김용빈, 중학 생활기록부 공개…경찰서를 갔다고? (편스토랑)",https://sports.khan.co.kr/article/202605071109003?pt=nv,https://m.entertain.naver.com/article/144/0001113936,코멘트 등 어느 하나 예사롭지 않은 김용빈의 과거와 김용빈이 추혁진을 위해 만든 특별한 저녁 메뉴까지 모두 확인할 수 있는 KBS 2TV ‘신상출시 편스토랑’은 5월 8일 금요일 ‘불금<b>야구</b>’ 중계가 끝나는 대로 방송된다.,"Thu, 07 May 2026 11:10:00 +0900"
"'홈런-홈런-홈런' KIA 새 외인 대박 조짐, KBO 역대 5번째 기록 작성했다...",https://www.xportsnews.com/article/2145635,https://m.sports.naver.com/kbaseball/article/311/0002007929,"미국 마이너리그, 일본프로<b>야구</b>(NPB), 멕시코 리그 등 여러 리그를 거쳤다. 올해는 멕시코 리그에서 7경기... 6일 경기를 앞두고 취재진과 만난 이범호 KIA 감독은 &quot;아데를린은 <b>야구</b>에 진지한 선수이기도 하고 똑똑한... ","Thu, 07 May 2026 11:06:00 +0900"
